,proxy_title,text,original_outlet_bias
0,el paso massacre upends white nationalists normalization strategy,"The El Paso massacre has dealt a significant blow to the white nationalists' normalization strategy as the horrific act of violence has forced the public to confront the dark reality of their ideology. The brutal attack, fueled by hate and extremism, has shattered any illusion of the movement's ability to blend in and operate under the radar, prompting a renewed urgency in combating the dangerous ideology that seeks to divide communities and sow the seeds of hatred. As the nation grapples with the aftermath of this tragedy, it serves as a stark reminder that the fight against white nationalism remains an ongoing battle for a society built on tolerance and inclusivity.",center
1,chinese and iranian hackers targeted biden and trump campaigns google says,"Google has revealed that Chinese and Iranian hackers have actively targeted the campaigns of both President Joe Biden and former President Donald Trump. These sophisticated cyber attacks serve as a stark reminder of the ongoing threat posed by state-sponsored hacking efforts, aiming to infiltrate and compromise political campaigns. The revelation underscores the need for heightened cybersecurity measures to safeguard the integrity of democratic processes and protect against foreign interference in future elections.",center
2,trump says he can produce a better healthcare plan than obamacare,"In a bold claim, former President Donald Trump asserts that he can deliver a superior healthcare plan to Obamacare, reigniting the debate on the nation's healthcare system. Despite the lack of specifics, Trump's assertion highlights the ongoing efforts to reshape and improve healthcare in the United States, setting the stage for a potential policy showdown.",center
3,trumps coronavirus payroll tax cut would punch hole in social security medicare budgets,"Critics argue that Trump's proposed coronavirus payroll tax cut, while aiming to provide immediate relief, would have detrimental long-term effects on the budgets of Social Security and Medicare. Concerns rise over the potential impact on the sustainability of these vital programs, raising questions about the trade-offs between short-term economic stimulus and the future stability of social safety nets.",center
4,bloombergs big bet can money beat bidens momentum,"As former New York City Mayor Michael Bloomberg pours significant resources into his presidential campaign, many wonder if his substantial financial backing can outpace the momentum gained by President Joe Biden. Bloomberg's audacious bet on money power adds an intriguing dynamic to the Democratic primary race, prompting discussions about the role of wealth in political campaigns and its potential to influence electoral outcomes.",center
5,omar furor reflects intensifying national debate over israel,"The controversy surrounding Representative Ilhan Omar mirrors the escalating nationwide discourse on Israel, reigniting a passionate debate on the U.S. approach towards the Israeli-Palestinian conflict. The incident underscores the deep divisions within American politics and the challenges of navigating sensitive issues related to international relations.",right
6,chicago has first day without reported gun violence in 2019,"A glimmer of hope emerges as Chicago witnesses its first day without any reported incidents of gun violence in 2019. This rare occurrence offers a momentary respite for a city plagued by gun-related crimes, prompting renewed discussions on strategies to combat the persistent issue and ensure safer communities for all residents.",right
7,connecticut high school girls lawsuit transgender athletes sex discrimination,"A Connecticut high school finds itself at the center of a legal battle as female athletes file a lawsuit, alleging sex discrimination, against transgender athletes competing in girls' sports. The case spotlights the ongoing complexities surrounding transgender rights, athletic competition, and gender equality, raising questions about inclusivity and fair play in high school sports.",right
8,war criminals among us inside the quiet effort to prosecute and deport violators disguised as refugees,"Uncovering a hidden network, the quiet efforts to identify and prosecute war criminals disguised as refugees sheds light on a dark reality. As countries grapple with the challenge of distinguishing genuine asylum seekers from perpetrators of war crimes, the pursuit of justice becomes an intricate and delicate process that requires collaboration and international cooperation.",right
9,caravan migrants cross mexico river throw rocks at countrys national guard,"Tensions escalate as a group of caravan migrants crosses a Mexico river and confronts the country's national guard, resorting to throwing rocks. This incident highlights the volatile nature of the migration issue and the complexities faced by both migrants seeking a better life and the authorities responsible for maintaining order and enforcing immigration policies.",right
10,what happens to women who cant get abortions,"The plight of women who are unable to access abortions raises critical questions about their reproductive rights and the potential consequences they face. Without safe and legal options, these women often encounter significant physical, emotional, and socioeconomic challenges, reigniting debates on the importance of accessible healthcare and women's autonomy.",left
11,why are so many white nationalists virulently anti lgbt,"The virulent anti-LGBT stance embraced by many white nationalists stems from a combination of factors, including deeply ingrained prejudices, ideological extremism, and a desire to uphold a perceived traditional societal order. Their hostility towards the LGBT community underscores the ongoing struggle for equality and acceptance, emphasizing the need for continued advocacy and education to combat discrimination.",left
12,senate republicans rally behind coal lobbyist lead the epa,"Senate Republicans find common ground as they rally behind a former coal lobbyist to lead the Environmental Protection Agency (EPA). The move raises concerns among environmentalists who fear the potential rollback of regulations aimed at combating climate change and protecting the environment, highlighting the tension between industry interests and environmental stewardship.",left
13,jeff bezos climate change philanthropy has quite few hidden strings,"While Jeff Bezos' philanthropic efforts to address climate change have garnered attention, scrutiny reveals hidden strings attached to his donations. Critics argue that these hidden agendas may influence the direction of climate-related initiatives and raise questions about the transparency and impact of billionaire-led philanthropy in addressing complex global challenges.",left
14,coronavirus vaccine quarantine protesters america form unholy covid 19 alliance,"Amid the COVID-19 pandemic, an unlikely alliance emerges as a group of protesters opposing vaccine mandates and quarantine measures join forces. This unholy alliance, driven by a combination of misinformation and individual liberties concerns, poses significant challenges to public health efforts and further complicates the fight against the ongoing pandemic, emphasizing the need for accurate information and effective communication strategies.",left
